[
  {
    "line": 1,
    "elements": [
      {
        "before": [
          {
            "result": {
              "duration": 468308400,
              "status": "passed"
            },
            "match": {
              "location": "StepDef_WebLoans.configExtent()"
            }
          },
          {
            "result": {
              "duration": 8901400,
              "status": "passed"
            },
            "match": {
              "location": "StepDef_WebDeposits.configExtent()"
            }
          },
          {
            "result": {
              "duration": 13634600,
              "status": "passed"
            },
            "match": {
              "location": "StepDef_WebOnlineBanking.configExtent()"
            }
          }
        ],
        "line": 12,
        "name": "TC.ret.001 : API - Register User",
        "description": "",
        "id": "web-retail---deposits-sanity-cases;tc.ret.001-:-api---register-user;;2",
        "after": [
          {
            "result": {
              "duration": 27700,
              "status": "passed"
            },
            "match": {
              "location": "StepDef_WebDeposits.captureLog()"
            }
          }
        ],
        "type": "scenario",
        "keyword": "Scenario Outline",
        "steps": [
          {
            "result": {
              "duration": 223062300,
              "status": "passed"
            },
            "line": 5,
            "name": "we have an endpoint https://api-nonprod.allica.co.uk/sit/web/products/v1/users for TC.ret.001 : API - Verify Register User with valid fields",
            "match": {
              "arguments": [
                {
                  "val": "https://api-nonprod.allica.co.uk/sit/web/products/v1/users",
                  "offset": 20
                },
                {
                  "val": "TC.ret.001 : API - Verify Register User with valid fields",
                  "offset": 83
                }
              ],
              "location": "StepDef_WebDeposits.endpoint(String,String)"
            },
            "matchedColumns": [
              5
            ],
            "keyword": "Given "
          },
          {
            "result": {
              "duration": 746888300,
              "status": "passed"
            },
            "line": 6,
            "name": "all valid WebExperience headers",
            "match": {
              "location": "StepDef_WebDeposits.headers()"
            },
            "keyword": "And "
          },
          {
            "result": {
              "duration": 5981700,
              "status": "passed"
            },
            "line": 7,
            "name": "all valid fields in request body {\"userName\": \"dynamicUsername\", \"phoneNo\": \"+447459902476\",\"email\": \"disha.harish@allica.co.uk\", \"password\": \"Allica123$\" }",
            "match": {
              "arguments": [
                {
                  "val": "{\"userName\": \"dynamicUsername\", \"phoneNo\": \"+447459902476\",\"email\": \"disha.harish@allica.co.uk\", \"password\": \"Allica123$\" }",
                  "offset": 33
                }
              ],
              "location": "StepDef_WebDeposits.requestBody(String)"
            },
            "matchedColumns": [
              1,
              2,
              3,
              4
            ],
            "keyword": "And "
          },
          {
            "result": {
              "duration": 2400797600,
              "status": "passed"
            },
            "line": 8,
            "name": "I request for creation of Register User",
            "match": {
              "arguments": [
                {
                  "val": "Register User",
                  "offset": 26
                }
              ],
              "location": "StepDef_WebDeposits.requestMethod(String)"
            },
            "keyword": "When "
          },
          {
            "result": {
              "duration": 944482500,
              "status": "passed"
            },
            "line": 9,
            "name": "single extract sessionId for Register User",
            "match": {
              "arguments": [
                {
                  "val": "sessionId",
                  "offset": 15
                },
                {
                  "val": "Register User",
                  "offset": 29
                }
              ],
              "location": "StepDef_WebDeposits.extract(String,String)"
            },
            "keyword": "Then "
          }
        ],
        "tags": [
          {
            "line": 3,
            "name": "@TS-14954"
          }
        ]
      },
      {
        "before": [
          {
            "result": {
              "duration": 10101200,
              "status": "passed"
            },
            "match": {
              "location": "StepDef_WebLoans.configExtent()"
            }
          },
          {
            "result": {
              "duration": 7985300,
              "status": "passed"
            },
            "match": {
              "location": "StepDef_WebDeposits.configExtent()"
            }
          },
          {
            "result": {
              "duration": 5590900,
              "status": "passed"
            },
            "match": {
              "location": "StepDef_WebOnlineBanking.configExtent()"
            }
          }
        ],
        "line": 24,
        "name": "TC.ret.002 : API - This API method is used to create auth token from Ping Directory",
        "description": "",
        "id": "web-retail---deposits-sanity-cases;tc.ret.002-:-api---this-api-method-is-used-to-create-auth-token-from-ping-directory;;2",
        "after": [
          {
            "result": {
              "duration": 15800,
              "status": "passed"
            },
            "match": {
              "location": "StepDef_WebDeposits.captureLog()"
            }
          }
        ],
        "type": "scenario",
        "keyword": "Scenario Outline",
        "steps": [
          {
            "result": {
              "duration": 180898300,
              "status": "passed"
            },
            "line": 16,
            "name": "we have an endpoint https://192.168.35.70:8083/api/ab-s-idp-api/v1/users/{userName}/login for TC.ret.002 : API - Verify auth Token creation",
            "match": {
              "arguments": [
                {
                  "val": "https://192.168.35.70:8083/api/ab-s-idp-api/v1/users/{userName}/login",
                  "offset": 20
                },
                {
                  "val": "TC.ret.002 : API - Verify auth Token creation",
                  "offset": 94
                }
              ],
              "location": "StepDef_WebDeposits.endpoint(String,String)"
            },
            "matchedColumns": [
              3
            ],
            "keyword": "Given "
          },
          {
            "result": {
              "duration": 3231500,
              "status": "passed"
            },
            "line": 17,
            "name": "all valid SysExperience headers",
            "match": {
              "location": "StepDef_WebDeposits.sysHeaders()"
            },
            "keyword": "And "
          },
          {
            "result": {
              "duration": 59351500,
              "status": "passed"
            },
            "line": 18,
            "name": "a mandatory valid URI param userName as storedUsername",
            "match": {
              "arguments": [
                {
                  "val": "userName",
                  "offset": 28
                },
                {
                  "val": "storedUsername",
                  "offset": 40
                }
              ],
              "location": "StepDef_WebDeposits.uriParam(String,String)"
            },
            "matchedColumns": [
              1
            ],
            "keyword": "And "
          },
          {
            "result": {
              "duration": 565000,
              "status": "passed"
            },
            "line": 19,
            "name": "all valid fields in request body { \"password\":\"Allica123$\"}",
            "match": {
              "arguments": [
                {
                  "val": "{ \"password\":\"Allica123$\"}",
                  "offset": 33
                }
              ],
              "location": "StepDef_WebDeposits.requestBody(String)"
            },
            "matchedColumns": [
              2
            ],
            "keyword": "And "
          },
          {
            "result": {
              "duration": 311219800,
              "status": "passed"
            },
            "line": 20,
            "name": "I request for creation of Login Ping",
            "match": {
              "arguments": [
                {
                  "val": "Login Ping",
                  "offset": 26
                }
              ],
              "location": "StepDef_WebDeposits.requestMethod(String)"
            },
            "keyword": "When "
          },
          {
            "result": {
              "duration": 218858400,
              "status": "passed"
            },
            "line": 21,
            "name": "single extract accessToken for Login Ping",
            "match": {
              "arguments": [
                {
                  "val": "accessToken",
                  "offset": 15
                },
                {
                  "val": "Login Ping",
                  "offset": 31
                }
              ],
              "location": "StepDef_WebDeposits.extract(String,String)"
            },
            "keyword": "Then "
          }
        ],
        "tags": [
          {
            "line": 14,
            "name": "@TS-14955"
          }
        ]
      },
      {
        "before": [
          {
            "result": {
              "duration": 6665100,
              "status": "passed"
            },
            "match": {
              "location": "StepDef_WebLoans.configExtent()"
            }
          },
          {
            "result": {
              "duration": 4717900,
              "status": "passed"
            },
            "match": {
              "location": "StepDef_WebDeposits.configExtent()"
            }
          },
          {
            "result": {
              "duration": 4314200,
              "status": "passed"
            },
            "match": {
              "location": "StepDef_WebOnlineBanking.configExtent()"
            }
          }
        ],
        "line": 35,
        "name": "TC.ret.003 : API - Selection of Retail Deposits",
        "description": "",
        "id": "web-retail---deposits-sanity-cases;tc.ret.003-:-api---selection-of-retail-deposits;;2",
        "after": [
          {
            "result": {
              "duration": 30400,
              "status": "passed"
            },
            "match": {
              "location": "StepDef_WebDeposits.captureLog()"
            }
          }
        ],
        "type": "scenario",
        "keyword": "Scenario Outline",
        "steps": [
          {
            "result": {
              "duration": 26964500,
              "status": "passed"
            },
            "line": 28,
            "name": "we have an endpoint https://api-nonprod.allica.co.uk/sit/web/products/v1/deposits/applications/basic for TC.ret.003 : API - Verify selection of Retail Deposits",
            "match": {
              "arguments": [
                {
                  "val": "https://api-nonprod.allica.co.uk/sit/web/products/v1/deposits/applications/basic",
                  "offset": 20
                },
                {
                  "val": "TC.ret.003 : API - Verify selection of Retail Deposits",
                  "offset": 105
                }
              ],
              "location": "StepDef_WebDeposits.endpoint(String,String)"
            },
            "matchedColumns": [
              2
            ],
            "keyword": "Given "
          },
          {
            "result": {
              "duration": 1474700,
              "status": "passed"
            },
            "line": 29,
            "name": "all valid WebExperience headers",
            "match": {
              "location": "StepDef_WebDeposits.headers()"
            },
            "keyword": "And "
          },
          {
            "result": {
              "duration": 349400,
              "status": "passed"
            },
            "line": 30,
            "name": "all valid fields in request body { \"productCode\": \"TDPER\" }",
            "match": {
              "arguments": [
                {
                  "val": "{ \"productCode\": \"TDPER\" }",
                  "offset": 33
                }
              ],
              "location": "StepDef_WebDeposits.requestBody(String)"
            },
            "matchedColumns": [
              1
            ],
            "keyword": "And "
          },
          {
            "result": {
              "duration": 16483423600,
              "status": "passed"
            },
            "line": 31,
            "name": "I request for creation of Basic Deposit Application",
            "match": {
              "arguments": [
                {
                  "val": "Basic Deposit Application",
                  "offset": 26
                }
              ],
              "location": "StepDef_WebDeposits.requestMethod(String)"
            },
            "keyword": "When "
          },
          {
            "result": {
              "duration": 106968500,
              "status": "passed"
            },
            "line": 32,
            "name": "single extract applicationRefNo for CreateBasicDepositApplication",
            "match": {
              "arguments": [
                {
                  "val": "applicationRefNo",
                  "offset": 15
                },
                {
                  "val": "CreateBasicDepositApplication",
                  "offset": 36
                }
              ],
              "location": "StepDef_WebDeposits.extract(String,String)"
            },
            "keyword": "And "
          }
        ],
        "tags": [
          {
            "line": 26,
            "name": "@TS-8509"
          }
        ]
      },
      {
        "before": [
          {
            "result": {
              "duration": 10058400,
              "status": "passed"
            },
            "match": {
              "location": "StepDef_WebLoans.configExtent()"
            }
          },
          {
            "result": {
              "duration": 4996700,
              "status": "passed"
            },
            "match": {
              "location": "StepDef_WebDeposits.configExtent()"
            }
          },
          {
            "result": {
              "duration": 3954400,
              "status": "passed"
            },
            "match": {
              "location": "StepDef_WebOnlineBanking.configExtent()"
            }
          }
        ],
        "line": 46,
        "name": "TC.ret.004 : Login - Verify Login with valid credentials",
        "description": "",
        "id": "web-retail---deposits-sanity-cases;tc.ret.004-:-login---verify-login-with-valid-credentials;;2",
        "after": [
          {
            "result": {
              "duration": 12600,
              "status": "passed"
            },
            "match": {
              "location": "StepDef_WebDeposits.captureLog()"
            }
          }
        ],
        "type": "scenario",
        "keyword": "Scenario Outline",
        "steps": [
          {
            "result": {
              "duration": 6809237300,
              "status": "passed"
            },
            "line": 39,
            "name": "User has launched Savings-sit page in Chrome browser - TC.ret.004 : Login - Verify Login with valid credentials",
            "match": {
              "arguments": [
                {
                  "val": "Savings-sit",
                  "offset": 18
                },
                {
                  "val": "Chrome",
                  "offset": 38
                },
                {
                  "val": "TC.ret.004 : Login - Verify Login with valid credentials",
                  "offset": 55
                }
              ],
              "location": "StepDef_WebDeposits.pageIsLaunched(String,String,String)"
            },
            "matchedColumns": [
              0,
              7
            ],
            "keyword": "Given "
          },
          {
            "result": {
              "duration": 590297600,
              "status": "passed"
            },
            "line": 40,
            "name": "User has entered Valid Username - storedUsername",
            "match": {
              "arguments": [
                {
                  "val": "Valid",
                  "offset": 17
                },
                {
                  "val": "Username",
                  "offset": 23
                },
                {
                  "val": "storedUsername",
                  "offset": 34
                }
              ],
              "location": "StepDef_WebDeposits.weHaveEntered(String,String,String)"
            },
            "matchedColumns": [
              2,
              3
            ],
            "keyword": "And "
          },
          {
            "result": {
              "duration": 566944100,
              "status": "passed"
            },
            "line": 41,
            "name": "User has entered Valid Password - Allica123$",
            "match": {
              "arguments": [
                {
                  "val": "Valid",
                  "offset": 17
                },
                {
                  "val": "Password",
                  "offset": 23
                },
                {
                  "val": "Allica123$",
                  "offset": 34
                }
              ],
              "location": "StepDef_WebDeposits.weHaveEntered(String,String,String)"
            },
            "matchedColumns": [
              4,
              5
            ],
            "keyword": "And "
          },
          {
            "result": {
              "duration": 1080549200,
              "status": "passed"
            },
            "line": 42,
            "name": "User clicks on Login",
            "match": {
              "arguments": [
                {
                  "val": "Login",
                  "offset": 15
                }
              ],
              "location": "StepDef_WebDeposits.clickedOnElement(String)"
            },
            "matchedColumns": [
              6
            ],
            "keyword": "When "
          },
          {
            "result": {
              "duration": 1462309800,
              "status": "passed"
            },
            "line": 43,
            "name": "User should be navigated to retail-deposits",
            "match": {
              "arguments": [
                {
                  "val": "retail-deposits",
                  "offset": 28
                }
              ],
              "location": "StepDef_WebDeposits.userShouldBeNavigatedTo(String)"
            },
            "matchedColumns": [
              1
            ],
            "keyword": "Then "
          }
        ],
        "tags": [
          {
            "line": 37,
            "name": "@TS-8523"
          }
        ]
      },
      {
        "before": [
          {
            "result": {
              "duration": 5609200,
              "status": "passed"
            },
            "match": {
              "location": "StepDef_WebLoans.configExtent()"
            }
          },
          {
            "result": {
              "duration": 17614600,
              "status": "passed"
            },
            "match": {
              "location": "StepDef_WebDeposits.configExtent()"
            }
          },
          {
            "result": {
              "duration": 4640500,
              "status": "passed"
            },
            "match": {
              "location": "StepDef_WebOnlineBanking.configExtent()"
            }
          }
        ],
        "line": 56,
        "name": "TC.ret.006.a : Before you begin - Verify if user can navigate to the BYB screen",
        "description": "",
        "id": "web-retail---deposits-sanity-cases;tc.ret.006.a-:-before-you-begin---verify-if-user-can-navigate-to-the-byb-screen;;2",
        "after": [
          {
            "result": {
              "duration": 15800,
              "status": "passed"
            },
            "match": {
              "location": "StepDef_WebDeposits.captureLog()"
            }
          }
        ],
        "type": "scenario",
        "keyword": "Scenario Outline",
        "steps": [
          {
            "result": {
              "duration": 478849100,
              "status": "passed"
            },
            "line": 51,
            "name": "User is in the Products-Apply screen - TC.ret.006.a : Before you begin - Verify if user can navigate to the BYB screen",
            "match": {
              "arguments": [
                {
                  "val": "Products-Apply",
                  "offset": 15
                },
                {
                  "val": "TC.ret.006.a : Before you begin - Verify if user can navigate to the BYB screen",
                  "offset": 39
                }
              ],
              "location": "StepDef_WebDeposits.verifyCurrentPage(String,String)"
            },
            "matchedColumns": [
              0,
              1
            ],
            "keyword": "Given "
          },
          {
            "result": {
              "duration": 504442800,
              "status": "passed"
            },
            "line": 52,
            "name": "User clicks on FTD 12 Months Apply Button",
            "match": {
              "arguments": [
                {
                  "val": "FTD 12 Months Apply Button",
                  "offset": 15
                }
              ],
              "location": "StepDef_WebDeposits.clickedOnElement(String)"
            },
            "matchedColumns": [
              2
            ],
            "keyword": "And "
          },
          {
            "result": {
              "duration": 2126199100,
              "status": "passed"
            },
            "line": 53,
            "name": "User should be navigated to Retail Deposits BYB",
            "match": {
              "arguments": [
                {
                  "val": "Retail Deposits BYB",
                  "offset": 28
                }
              ],
              "location": "StepDef_WebDeposits.userShouldBeNavigatedTo(String)"
            },
            "matchedColumns": [
              3
            ],
            "keyword": "Then "
          }
        ],
        "tags": [
          {
            "line": 49,
            "name": "@TS-8418"
          }
        ]
      }
    ],
    "name": "Web Retail - Deposits Sanity cases",
    "description": "",
    "id": "web-retail---deposits-sanity-cases",
    "keyword": "Feature",
    "uri": "src/test/resource/Features/WebDeposits/DepositsZephyrTrial.feature"
  }
]